---
- group: PI
  members:
  - name: Russ Poldrack
    website: https://poldrack.github.io
    orcid: 0000-0001-6755-0259
    github: poldrack

- group: Research Scientists
  members:
  - name: Patrick Bissett
    website: https://bissettp.github.io/
    orcid: 0000-0003-0854-9404
  - name: Joshua Buckholtz
    orcid: 0000-0002-9418-8686
  - name: Michael Demidenko
    website: https://michaeldemidenko.com/
    orcid: 0000-0001-9270-0124
    github: demidenm
  - name: Chris Markiewicz
    website: https://effigies.gitlab.io
    orcid: 0000-0002-6533-164X
    github: effigies
  - name: Jeanette Mumford
    website: https://jeanettemumford.org/
    orcid: 0000-0002-0926-3531
    github: jmumford

- group: Postdoctoral Scholars
  members:
  - name: Eric Bridgeford
    website: https://ericwb.me/
    orcid: 0000-0001-6115-719X
  - name: Anita Jwa
    orcid: 0000-0002-1462-424X

  
- group: Graduate Students
  members:
  - name: Lynde Folsom
    orcid: 0000-0003-4484-5120
  - name: Nastasia Klevak
    orcid: 0009-0004-1000-9532
  - name: Jocelyn Ricard
  - name: Gustavo Santiago-Reyes
    orcid: 0009-0005-3764-3215
  - name: Anna Xu
    orcid: 0000-0003-4007-5157
  
- group: Research Staff
  members:
  - name: Kriti Achyutuni
  - name: Logan Bennett
  - name: Margot Mitchell
  - name: Joe Wexler
  
- group: Software Developers
  members:
  - name: Ross Blair
  - name: Mathias Goncalves
    orcid: 0000-0002-7252-7771
    github: mgxd
  - name: Nell Hardcastle
    orcid: 0000-0002-3837-0707
    github: nellh
  - name: Greg Noack

- group: Lab Alumni
  members:
  - name: Adam Aron
    website: https://aronlab.org/
  - name: Akram Bakkour
    website: https://bakkourlab.uchicago.edu/
  - name: Austin Brotman
    website: https://www.linkedin.com/in/austin-brotman-8725471b1/
  - name: Mei-Yen Chen
    website: https://www.linkedin.com/in/mei-yen-chen-22937787/
  - name: Naomi Cherne
    website: https://www.exponent.com/people/naomi-cherne
  - name: Rastko Ciric
    website: https://www.linkedin.com/in/rastko-ciric/
  - name: Jessica Cohen
    website: https://cohenlab.web.unc.edu/
  - name: Eliza Congdon
    website: https://neurogen.semel.ucla.edu/eliza-congdon-phd/
  - name: Tyler Davis
    website: https://www.linkedin.com/in/tyler-davis-453a1a75/
  - name: Elizabeth DuPre
    website: https://www.linkedin.com/in/elizabeth-dupre/
  - name: Joke Durnez
    website: https://www.linkedin.com/in/joke-durnez/
  - name: Ian Eisenberg
    website: https://www.linkedin.com/in/ian-eisenberg-aa17b594/
  - name: Ayse Zeynep Enkavi
    website: https://zenkavi.github.io/
  - name: Oscar Esteban
    website: https://wp.unil.ch/connectomics/team/oscar-esteban/
  - name: Karin Foerde
    website: https://karinfoerde.wixsite.com/karinfoerde
  - name: Adriana Galvan
    website: https://galvanlab.psych.ucla.edu/
  - name: Marta Garrido
    website: https://psychologicalsciences.unimelb.edu.au/research/msps-research-groups/C2NP/lab
  - name: Dara Ghahremani
    website: https://www.semel.ucla.edu/profile/dara-ghahremani-phd
  - name: Chris Gorgolewski
    website: https://chrisgorgolewski.org/
  - name: Grace Huckins
    website: https://www.linkedin.com/in/grace-huckins/
  - name: Paul Jaffe
    website: https://www.linkedin.com/in/paul-jaffe-0a4858199
  - name: Koji Jimura
    website: https://en.jimuralab.org/
  - name: Don Kalar
    website: https://www.linkedin.com/in/donald-kalar-010977b/
  - name: Sanmi Koyejo
    website: https://cs.stanford.edu/~sanmi/
  - name: Agatha Lenartowicz
    website: https://agathalenartowicz.com/
  - name: Romy Lorenz
    website: https://www.romylorenz.com/
  - name: Nick Malecek
    website: https://www.linkedin.com/in/nicholasmalecek/
  - name: Dana Mastrovito
    website: https://www.linkedin.com/in/danamastrovito/
  - name: Craig Moodie
    website: https://www.linkedin.com/in/craigmoodie/
  - name: Martin Norgaard
    website: https://mnoergaard.github.io/
    orcid: 0000-0003-2131-5688
    github: mnoergaard
  - name: Rajeev Raizada
    website: https://rajeevraizada.github.io/
  - name: Jaime Rios
    website: https://www.linkedin.com/in/jaime-rios-7031571a3/
  - name: Angela Rizk-Jackson
    website: https://www.linkedin.com/in/angela-rizk-jackson/
  - name: Ajay Satpute
    website: https://web.northeastern.edu/affectiveandbrainscienceslab/
  - name: Tom Schonberg
    website: https://www.schonberglab.sites.tau.ac.il/
  - name: Sunjae Shim
    website: https://www.linkedin.com/in/sunjae-shim-50550315b/
  - name: Mac Shine
    website: https://shine-lab.org/people/
  - name: Vanessa Sochat
    website: https://vsoch.github.io/
  - name: Elena Stover
  - name: Armin Thomas
    website: https://athms.me/
  - name: William Thompson
    website: https://www.gu.se/en/about/find-staff/williamhedleythompson
  - name: Christopher Trepel
    website: https://www.linkedin.com/in/christophertrepel/
  - name: Matilde Vaghi
    website: https://research-portal.uea.ac.uk/en/persons/matilde-vaghi
  - name: Jonathan Walters
    website: https://www.linkedin.com/in/jwalters4/
  - name: Corey White
    website: https://www.linkedin.com/in/corey-white-162635173/
  - name: Eliott Wimmer
    website: https://lmdlab.github.io/
  - name: Alara Wright
  - name: Gui Xue
    website: https://cbls.bnu.edu.cn/
